{
  "IcoMoonType": "selection",
  "icons": [
    {
      "icon": {
        "paths": [
          "M789.333 426.667l-384-0v-256h384v256z",
          "M789.333 789.333h-640l0-213.333 640 0-0 213.333z",
          "M874.667 960h-42.667l0-896h42.667l-0 896z"
        ],
        "attrs": [
          {
            "fill": "rgb(161, 161, 161)"
          },
          {
            "fill": "rgb(161, 161, 161)"
          },
          {
            "fill": "rgb(161, 161, 161)"
          }
        ],
        "isMulticolor": false,
        "isMulticolor2": false,
        "grid": 0,
        "tags": [
          "alignE"
        ]
      },
      "attrs": [
        {
          "fill": "rgb(161, 161, 161)"
        },
        {
          "fill": "rgb(161, 161, 161)"
        },
        {
          "fill": "rgb(161, 161, 161)"
        }
      ],
      "properties": {
        "order": 46,
        "id": 30,
        "name": "alignE",
        "prevSize": 32,
        "code": 59648
      },
      "setIdx": 1,
      "setId": 3,
      "iconIdx": 0
    },
    {
      "icon": {
        "paths": [
          "M810.667 234.667v384h-256l-0-384h256z",
          "M426.667 234.667l0 640h-213.333l-0-640h213.333z",
          "M960 149.333v42.667h-896v-42.667h896z"
        ],
        "attrs": [
          {
            "fill": "rgb(161, 161, 161)"
          },
          {
            "fill": "rgb(161, 161, 161)"
          },
          {
            "fill": "rgb(161, 161, 161)"
          }
        ],
        "isMulticolor": false,
        "isMulticolor2": false,
        "grid": 0,
        "tags": [
          "alignN"
        ]
      },
      "attrs": [
        {
          "fill": "rgb(161, 161, 161)"
        },
        {
          "fill": "rgb(161, 161, 161)"
        },
        {
          "fill": "rgb(161, 161, 161)"
        }
      ],
      "properties": {
        "order": 47,
        "id": 29,
        "name": "alignN",
        "prevSize": 32,
        "code": 59649
      },
      "setIdx": 1,
      "setId": 3,
      "iconIdx": 1
    },
    {
      "icon": {
        "paths": [
          "M789.333 426.667l-192-192 277.333-85.333-85.333 277.333z"
        ],
        "attrs": [
          {
            "fill": "rgb(161, 161, 161)"
          }
        ],
        "isMulticolor": false,
        "isMulticolor2": false,
        "grid": 0,
        "tags": [
          "alignNE"
        ]
      },
      "attrs": [
        {
          "fill": "rgb(161, 161, 161)"
        }
      ],
      "properties": {
        "order": 48,
        "id": 28,
        "name": "alignNE",
        "prevSize": 32,
        "code": 59650
      },
      "setIdx": 1,
      "setId": 3,
      "iconIdx": 2
    },
    {
      "icon": {
        "paths": [
          "M234.667 426.667l192-192-277.333-85.333 85.333 277.333z"
        ],
        "attrs": [
          {
            "fill": "rgb(161, 161, 161)"
          }
        ],
        "isMulticolor": false,
        "isMulticolor2": false,
        "grid": 0,
        "tags": [
          "alignNW"
        ]
      },
      "attrs": [
        {
          "fill": "rgb(161, 161, 161)"
        }
      ],
      "properties": {
        "order": 50,
        "id": 27,
        "name": "alignNW",
        "prevSize": 32,
        "code": 59651
      },
      "setIdx": 1,
      "setId": 3,
      "iconIdx": 3
    },
    {
      "icon": {
        "paths": [
          "M576 789.333v-384h256v384h-256z",
          "M213.333 789.333l0-640h213.333l-0 640h-213.333z",
          "M64 874.667v-42.667h896v42.667h-896z"
        ],
        "attrs": [
          {
            "fill": "rgb(161, 161, 161)"
          },
          {
            "fill": "rgb(161, 161, 161)"
          },
          {
            "fill": "rgb(161, 161, 161)"
          }
        ],
        "isMulticolor": false,
        "isMulticolor2": false,
        "grid": 0,
        "tags": [
          "alignS"
        ]
      },
      "attrs": [
        {
          "fill": "rgb(161, 161, 161)"
        },
        {
          "fill": "rgb(161, 161, 161)"
        },
        {
          "fill": "rgb(161, 161, 161)"
        }
      ],
      "properties": {
        "order": 49,
        "id": 26,
        "name": "alignS",
        "prevSize": 32,
        "code": 59652
      },
      "setIdx": 1,
      "setId": 3,
      "iconIdx": 4
    },
    {
      "icon": {
        "paths": [
          "M789.333 597.333l-192 192 277.333 85.333-85.333-277.333z"
        ],
        "attrs": [
          {
            "fill": "rgb(161, 161, 161)"
          }
        ],
        "isMulticolor": false,
        "isMulticolor2": false,
        "grid": 0,
        "tags": [
          "alignSE"
        ]
      },
      "attrs": [
        {
          "fill": "rgb(161, 161, 161)"
        }
      ],
      "properties": {
        "order": 51,
        "id": 25,
        "name": "alignSE",
        "prevSize": 32,
        "code": 59653
      },
      "setIdx": 1,
      "setId": 3,
      "iconIdx": 5
    },
    {
      "icon": {
        "paths": [
          "M234.667 597.333l192 192-277.333 85.333 85.333-277.333z"
        ],
        "attrs": [
          {
            "fill": "rgb(161, 161, 161)"
          }
        ],
        "isMulticolor": false,
        "isMulticolor2": false,
        "grid": 0,
        "tags": [
          "alignSW"
        ]
      },
      "attrs": [
        {
          "fill": "rgb(161, 161, 161)"
        }
      ],
      "properties": {
        "order": 52,
        "id": 24,
        "name": "alignSW",
        "prevSize": 32,
        "code": 59654
      },
      "setIdx": 1,
      "setId": 3,
      "iconIdx": 6
    },
    {
      "icon": {
        "paths": [
          "M234.667 170.667h384v256h-384v-256z",
          "M234.667 576h640v213.333h-640v-213.333z",
          "M149.333 64h42.667v896h-42.667v-896z"
        ],
        "attrs": [
          {
            "fill": "rgb(161, 161, 161)"
          },
          {
            "fill": "rgb(161, 161, 161)"
          },
          {
            "fill": "rgb(161, 161, 161)"
          }
        ],
        "isMulticolor": false,
        "isMulticolor2": false,
        "grid": 0,
        "tags": [
          "alignW"
        ]
      },
      "attrs": [
        {
          "fill": "rgb(161, 161, 161)"
        },
        {
          "fill": "rgb(161, 161, 161)"
        },
        {
          "fill": "rgb(161, 161, 161)"
        }
      ],
      "properties": {
        "order": 53,
        "id": 23,
        "name": "alignW",
        "prevSize": 32,
        "code": 59655
      },
      "setIdx": 1,
      "setId": 3,
      "iconIdx": 7
    },
    {
      "icon": {
        "paths": [
          "M810.667 320v384h-256l-0-384 256-0z",
          "M426.667 192l0 640h-213.333l-0-640h213.333z",
          "M960 490.667v42.667l-896 0v-42.667l896-0z"
        ],
        "attrs": [
          {
            "fill": "rgb(161, 161, 161)"
          },
          {
            "fill": "rgb(161, 161, 161)"
          },
          {
            "fill": "rgb(161, 161, 161)"
          }
        ],
        "isMulticolor": false,
        "isMulticolor2": false,
        "grid": 0,
        "tags": [
          "alignX"
        ]
      },
      "attrs": [
        {
          "fill": "rgb(161, 161, 161)"
        },
        {
          "fill": "rgb(161, 161, 161)"
        },
        {
          "fill": "rgb(161, 161, 161)"
        }
      ],
      "properties": {
        "order": 54,
        "id": 22,
        "name": "alignX",
        "prevSize": 32,
        "code": 59656
      },
      "setIdx": 1,
      "setId": 3,
      "iconIdx": 8
    },
    {
      "icon": {
        "paths": [
          "M320 192h384v256h-384v-256z",
          "M192 576h640v213.333h-640v-213.333z",
          "M490.667 64h42.667v896h-42.667v-896z"
        ],
        "attrs": [
          {
            "fill": "rgb(161, 161, 161)"
          },
          {
            "fill": "rgb(161, 161, 161)"
          },
          {
            "fill": "rgb(161, 161, 161)"
          }
        ],
        "isMulticolor": false,
        "isMulticolor2": false,
        "grid": 0,
        "tags": [
          "alignY"
        ]
      },
      "attrs": [
        {
          "fill": "rgb(161, 161, 161)"
        },
        {
          "fill": "rgb(161, 161, 161)"
        },
        {
          "fill": "rgb(161, 161, 161)"
        }
      ],
      "properties": {
        "order": 55,
        "id": 21,
        "name": "alignY",
        "prevSize": 32,
        "code": 59657
      },
      "setIdx": 1,
      "setId": 3,
      "iconIdx": 9
    },
    {
      "icon": {
        "paths": [
          "M917.333 533.333v362.667h-597.333v-533.333h426.667v170.667h170.667z",
          "M798.72 341.333h-500.053v576h640v-424.32zM896 874.667h-554.667v-490.667h384v170.667h170.667z",
          "M298.667 85.333h42.667v213.333h-42.667v-213.333z",
          "M42.667 341.333h213.333v42.667h-213.333v-42.667z"
        ],
        "attrs": [
          {
            "fill": "rgb(161, 161, 161)",
            "opacity": 0.2
          },
          {
            "fill": "rgb(161, 161, 161)"
          },
          {
            "fill": "rgb(161, 161, 161)"
          },
          {
            "fill": "rgb(161, 161, 161)"
          }
        ],
        "isMulticolor": true,
        "isMulticolor2": true,
        "grid": 0,
        "tags": [
          "artboard"
        ]
      },
      "attrs": [
        {
          "fill": "rgb(161, 161, 161)",
          "opacity": 0.2
        },
        {
          "fill": "rgb(161, 161, 161)"
        },
        {
          "fill": "rgb(161, 161, 161)"
        },
        {
          "fill": "rgb(161, 161, 161)"
        }
      ],
      "properties": {
        "order": 77,
        "id": 20,
        "name": "artboard",
        "prevSize": 32,
        "code": 59658,
        "codes": [
          59658,
          59659,
          59660,
          59661
        ]
      },
      "setIdx": 1,
      "setId": 3,
      "iconIdx": 10
    },
    {
      "icon": {
        "paths": [
          "M661.333 512c0 82.475-66.859 149.333-149.333 149.333s-149.333-66.859-149.333-149.333c0-82.475 66.859-149.333 149.333-149.333s149.333 66.859 149.333 149.333z",
          "M256 490.667h512v42.667h-512v-42.667z",
          "M490.667 256h42.667v512h-42.667v-512z"
        ],
        "attrs": [
          {
            "fill": "rgb(161, 161, 161)"
          },
          {
            "fill": "rgb(161, 161, 161)"
          },
          {
            "fill": "rgb(161, 161, 161)"
          }
        ],
        "isMulticolor": false,
        "isMulticolor2": false,
        "grid": 0,
        "tags": [
          "Center"
        ]
      },
      "attrs": [
        {
          "fill": "rgb(161, 161, 161)"
        },
        {
          "fill": "rgb(161, 161, 161)"
        },
        {
          "fill": "rgb(161, 161, 161)"
        }
      ],
      "properties": {
        "order": 67,
        "id": 19,
        "name": "Center",
        "prevSize": 32,
        "code": 59662
      },
      "setIdx": 1,
      "setId": 3,
      "iconIdx": 11
    },
    {
      "icon": {
        "paths": [
          "M618.667 704l0-384h170.667v384h-170.667z",
          "M149.333 832v-640h213.333v640h-213.333z",
          "M405.333 64h42.667v896h-42.667v-896z",
          "M832 64h42.667v896h-42.667v-896z"
        ],
        "attrs": [
          {
            "fill": "rgb(161, 161, 161)"
          },
          {
            "fill": "rgb(161, 161, 161)"
          },
          {
            "fill": "rgb(161, 161, 161)"
          },
          {
            "fill": "rgb(161, 161, 161)"
          }
        ],
        "isMulticolor": false,
        "isMulticolor2": false,
        "grid": 0,
        "tags": [
          "distE"
        ]
      },
      "attrs": [
        {
          "fill": "rgb(161, 161, 161)"
        },
        {
          "fill": "rgb(161, 161, 161)"
        },
        {
          "fill": "rgb(161, 161, 161)"
        },
        {
          "fill": "rgb(161, 161, 161)"
        }
      ],
      "properties": {
        "order": 66,
        "id": 18,
        "name": "distE",
        "prevSize": 32,
        "code": 59663
      },
      "setIdx": 1,
      "setId": 3,
      "iconIdx": 12
    },
    {
      "icon": {
        "paths": [
          "M320 234.667h384v170.667h-384v-170.667z",
          "M192 661.333h640v213.333h-640v-213.333z",
          "M960 149.333v42.667h-896v-42.667h896z",
          "M960 576v42.667l-896 0v-42.667h896z"
        ],
        "attrs": [
          {
            "fill": "rgb(161, 161, 161)"
          },
          {
            "fill": "rgb(161, 161, 161)"
          },
          {
            "fill": "rgb(161, 161, 161)"
          },
          {
            "fill": "rgb(161, 161, 161)"
          }
        ],
        "isMulticolor": false,
        "isMulticolor2": false,
        "grid": 0,
        "tags": [
          "distN"
        ]
      },
      "attrs": [
        {
          "fill": "rgb(161, 161, 161)"
        },
        {
          "fill": "rgb(161, 161, 161)"
        },
        {
          "fill": "rgb(161, 161, 161)"
        },
        {
          "fill": "rgb(161, 161, 161)"
        }
      ],
      "properties": {
        "order": 65,
        "id": 17,
        "name": "distN",
        "prevSize": 32,
        "code": 59664
      },
      "setIdx": 1,
      "setId": 3,
      "iconIdx": 13
    },
    {
      "icon": {
        "paths": [
          "M789.333 426.667l-192-192 277.333-85.333-85.333 277.333z"
        ],
        "attrs": [
          {
            "fill": "rgb(161, 161, 161)"
          }
        ],
        "isMulticolor": false,
        "isMulticolor2": false,
        "grid": 0,
        "tags": [
          "distNE"
        ]
      },
      "attrs": [
        {
          "fill": "rgb(161, 161, 161)"
        }
      ],
      "properties": {
        "order": 64,
        "id": 16,
        "name": "distNE",
        "prevSize": 32,
        "code": 59665
      },
      "setIdx": 1,
      "setId": 3,
      "iconIdx": 14
    },
    {
      "icon": {
        "paths": [
          "M234.667 426.667l192-192-277.333-85.333 85.333 277.333z"
        ],
        "attrs": [
          {
            "fill": "rgb(161, 161, 161)"
          }
        ],
        "isMulticolor": false,
        "isMulticolor2": false,
        "grid": 0,
        "tags": [
          "distNW"
        ]
      },
      "attrs": [
        {
          "fill": "rgb(161, 161, 161)"
        }
      ],
      "properties": {
        "order": 63,
        "id": 15,
        "name": "distNW",
        "prevSize": 32,
        "code": 59666
      },
      "setIdx": 1,
      "setId": 3,
      "iconIdx": 15
    },
    {
      "icon": {
        "paths": [
          "M320 149.333h384v170.667h-384v-170.667z",
          "M192 576h640v213.333h-640v-213.333z",
          "M960 362.667v42.667l-896 0v-42.667l896-0z",
          "M960 832v42.667h-896v-42.667h896z"
        ],
        "attrs": [
          {
            "fill": "rgb(161, 161, 161)"
          },
          {
            "fill": "rgb(161, 161, 161)"
          },
          {
            "fill": "rgb(161, 161, 161)"
          },
          {
            "fill": "rgb(161, 161, 161)"
          }
        ],
        "isMulticolor": false,
        "isMulticolor2": false,
        "grid": 0,
        "tags": [
          "distS"
        ]
      },
      "attrs": [
        {
          "fill": "rgb(161, 161, 161)"
        },
        {
          "fill": "rgb(161, 161, 161)"
        },
        {
          "fill": "rgb(161, 161, 161)"
        },
        {
          "fill": "rgb(161, 161, 161)"
        }
      ],
      "properties": {
        "order": 62,
        "id": 14,
        "name": "distS",
        "prevSize": 32,
        "code": 59667
      },
      "setIdx": 1,
      "setId": 3,
      "iconIdx": 16
    },
    {
      "icon": {
        "paths": [
          "M789.333 597.333l-192 192 277.333 85.333-85.333-277.333z"
        ],
        "attrs": [
          {
            "fill": "rgb(161, 161, 161)"
          }
        ],
        "isMulticolor": false,
        "isMulticolor2": false,
        "grid": 0,
        "tags": [
          "distSE"
        ]
      },
      "attrs": [
        {
          "fill": "rgb(161, 161, 161)"
        }
      ],
      "properties": {
        "order": 61,
        "id": 13,
        "name": "distSE",
        "prevSize": 32,
        "code": 59668
      },
      "setIdx": 1,
      "setId": 3,
      "iconIdx": 17
    },
    {
      "icon": {
        "paths": [
          "M234.667 597.333l192 192-277.333 85.333 85.333-277.333z"
        ],
        "attrs": [
          {
            "fill": "rgb(161, 161, 161)"
          }
        ],
        "isMulticolor": false,
        "isMulticolor2": false,
        "grid": 0,
        "tags": [
          "distSW"
        ]
      },
      "attrs": [
        {
          "fill": "rgb(161, 161, 161)"
        }
      ],
      "properties": {
        "order": 60,
        "id": 12,
        "name": "distSW",
        "prevSize": 32,
        "code": 59669
      },
      "setIdx": 1,
      "setId": 3,
      "iconIdx": 18
    },
    {
      "icon": {
        "paths": [
          "M661.333 704l0-384h170.667v384h-170.667z",
          "M234.667 832l0-640h213.333l-0 640h-213.333z",
          "M149.333 64h42.667v896h-42.667v-896z",
          "M576 64h42.667v896h-42.667v-896z"
        ],
        "attrs": [
          {
            "fill": "rgb(161, 161, 161)"
          },
          {
            "fill": "rgb(161, 161, 161)"
          },
          {
            "fill": "rgb(161, 161, 161)"
          },
          {
            "fill": "rgb(161, 161, 161)"
          }
        ],
        "isMulticolor": false,
        "isMulticolor2": false,
        "grid": 0,
        "tags": [
          "distW"
        ]
      },
      "attrs": [
        {
          "fill": "rgb(161, 161, 161)"
        },
        {
          "fill": "rgb(161, 161, 161)"
        },
        {
          "fill": "rgb(161, 161, 161)"
        },
        {
          "fill": "rgb(161, 161, 161)"
        }
      ],
      "properties": {
        "order": 59,
        "id": 11,
        "name": "distW",
        "prevSize": 32,
        "code": 59670
      },
      "setIdx": 1,
      "setId": 3,
      "iconIdx": 19
    },
    {
      "icon": {
        "paths": [
          "M320 170.667h384v170.667h-384v-170.667z",
          "M192 618.667h640v213.333h-640v-213.333z",
          "M960 234.667v42.667l-896 0v-42.667l896-0z",
          "M960 704v42.667h-896v-42.667h896z"
        ],
        "attrs": [
          {
            "fill": "rgb(161, 161, 161)"
          },
          {
            "fill": "rgb(161, 161, 161)"
          },
          {
            "fill": "rgb(161, 161, 161)"
          },
          {
            "fill": "rgb(161, 161, 161)"
          }
        ],
        "isMulticolor": false,
        "isMulticolor2": false,
        "grid": 0,
        "tags": [
          "distX"
        ]
      },
      "attrs": [
        {
          "fill": "rgb(161, 161, 161)"
        },
        {
          "fill": "rgb(161, 161, 161)"
        },
        {
          "fill": "rgb(161, 161, 161)"
        },
        {
          "fill": "rgb(161, 161, 161)"
        }
      ],
      "properties": {
        "order": 58,
        "id": 10,
        "name": "distX",
        "prevSize": 32,
        "code": 59671
      },
      "setIdx": 1,
      "setId": 3,
      "iconIdx": 20
    },
    {
      "icon": {
        "paths": [
          "M853.333 320v384h-170.667v-384h170.667z",
          "M405.333 192v640h-213.333v-640h213.333z",
          "M789.333 960h-42.667l0-896h42.667l-0 896z",
          "M320 960h-42.667l0-896h42.667l-0 896z"
        ],
        "attrs": [
          {
            "fill": "rgb(161, 161, 161)"
          },
          {
            "fill": "rgb(161, 161, 161)"
          },
          {
            "fill": "rgb(161, 161, 161)"
          },
          {
            "fill": "rgb(161, 161, 161)"
          }
        ],
        "isMulticolor": false,
        "isMulticolor2": false,
        "grid": 0,
        "tags": [
          "distY"
        ]
      },
      "attrs": [
        {
          "fill": "rgb(161, 161, 161)"
        },
        {
          "fill": "rgb(161, 161, 161)"
        },
        {
          "fill": "rgb(161, 161, 161)"
        },
        {
          "fill": "rgb(161, 161, 161)"
        }
      ],
      "properties": {
        "order": 57,
        "id": 9,
        "name": "distY",
        "prevSize": 32,
        "code": 59672
      },
      "setIdx": 1,
      "setId": 3,
      "iconIdx": 21
    },
    {
      "icon": {
        "paths": [
          "M661.333 661.333l256-149.333-256-149.333v298.667z",
          "M921.6 256h21.333v512h-21.333v-512z"
        ],
        "attrs": [
          {
            "fill": "rgb(161, 161, 161)"
          },
          {
            "fill": "rgb(161, 161, 161)"
          }
        ],
        "isMulticolor": false,
        "isMulticolor2": false,
        "grid": 0,
        "tags": [
          "E"
        ]
      },
      "attrs": [
        {
          "fill": "rgb(161, 161, 161)"
        },
        {
          "fill": "rgb(161, 161, 161)"
        }
      ],
      "properties": {
        "order": 68,
        "id": 8,
        "name": "E",
        "prevSize": 32,
        "code": 59673
      },
      "setIdx": 1,
      "setId": 3,
      "iconIdx": 22
    },
    {
      "icon": {
        "paths": [
          "M362.667 362.667l149.333-256 149.333 256h-298.667z",
          "M256 81.067h512v21.333h-512v-21.333z"
        ],
        "attrs": [
          {
            "fill": "rgb(161, 161, 161)"
          },
          {
            "fill": "rgb(161, 161, 161)"
          }
        ],
        "isMulticolor": false,
        "isMulticolor2": false,
        "grid": 0,
        "tags": [
          "N"
        ]
      },
      "attrs": [
        {
          "fill": "rgb(161, 161, 161)"
        },
        {
          "fill": "rgb(161, 161, 161)"
        }
      ],
      "properties": {
        "order": 69,
        "id": 7,
        "name": "N",
        "prevSize": 32,
        "code": 59674
      },
      "setIdx": 1,
      "setId": 3,
      "iconIdx": 23
    },
    {
      "icon": {
        "paths": [
          "M789.333 426.667l-192-192 277.333-85.333-85.333 277.333z"
        ],
        "attrs": [
          {
            "fill": "rgb(161, 161, 161)"
          }
        ],
        "isMulticolor": false,
        "isMulticolor2": false,
        "grid": 0,
        "tags": [
          "NE"
        ]
      },
      "attrs": [
        {
          "fill": "rgb(161, 161, 161)"
        }
      ],
      "properties": {
        "order": 70,
        "id": 6,
        "name": "NE",
        "prevSize": 32,
        "code": 59675
      },
      "setIdx": 1,
      "setId": 3,
      "iconIdx": 24
    },
    {
      "icon": {
        "paths": [
          "M234.667 426.667l192-192-277.333-85.333 85.333 277.333z"
        ],
        "attrs": [
          {
            "fill": "rgb(161, 161, 161)"
          }
        ],
        "isMulticolor": false,
        "isMulticolor2": false,
        "grid": 0,
        "tags": [
          "NW"
        ]
      },
      "attrs": [
        {
          "fill": "rgb(161, 161, 161)"
        }
      ],
      "properties": {
        "order": 71,
        "id": 5,
        "name": "NW",
        "prevSize": 32,
        "code": 59676
      },
      "setIdx": 1,
      "setId": 3,
      "iconIdx": 25
    },
    {
      "icon": {
        "paths": [
          "M362.667 661.333l149.333 256 149.333-256h-298.667z",
          "M256 921.6h512v21.333h-512v-21.333z"
        ],
        "attrs": [
          {
            "fill": "rgb(161, 161, 161)"
          },
          {
            "fill": "rgb(161, 161, 161)"
          }
        ],
        "isMulticolor": false,
        "isMulticolor2": false,
        "grid": 0,
        "tags": [
          "S"
        ]
      },
      "attrs": [
        {
          "fill": "rgb(161, 161, 161)"
        },
        {
          "fill": "rgb(161, 161, 161)"
        }
      ],
      "properties": {
        "order": 72,
        "id": 4,
        "name": "S",
        "prevSize": 32,
        "code": 59677
      },
      "setIdx": 1,
      "setId": 3,
      "iconIdx": 26
    },
    {
      "icon": {
        "paths": [
          "M789.333 597.333l-192 192 277.333 85.333-85.333-277.333z"
        ],
        "attrs": [
          {
            "fill": "rgb(161, 161, 161)"
          }
        ],
        "isMulticolor": false,
        "isMulticolor2": false,
        "grid": 0,
        "tags": [
          "SE"
        ]
      },
      "attrs": [
        {
          "fill": "rgb(161, 161, 161)"
        }
      ],
      "properties": {
        "order": 73,
        "id": 3,
        "name": "SE",
        "prevSize": 32,
        "code": 59678
      },
      "setIdx": 1,
      "setId": 3,
      "iconIdx": 27
    },
    {
      "icon": {
        "paths": [
          "M917.333 917.333h-149.333v-42.667h106.667v-106.667h42.667v149.333z",
          "M426.667 874.667h170.667v42.667h-170.667v-42.667z",
          "M256 917.333h-149.333v-149.333h42.667v106.667h106.667v42.667z",
          "M106.667 426.667h42.667v170.667h-42.667v-170.667z",
          "M149.333 256h-42.667v-149.333h149.333v42.667h-106.667v106.667z",
          "M426.667 106.667h170.667v42.667h-170.667v-42.667z",
          "M917.333 256h-42.667v-106.667h-106.667v-42.667h149.333v149.333z",
          "M874.667 426.667h42.667v170.667h-42.667v-170.667z",
          "M394.667 746.667l128-128h192l-320-341.333v469.333z"
        ],
        "attrs": [
          {
            "fill": "rgb(161, 161, 161)"
          },
          {
            "fill": "rgb(161, 161, 161)"
          },
          {
            "fill": "rgb(161, 161, 161)"
          },
          {
            "fill": "rgb(161, 161, 161)"
          },
          {
            "fill": "rgb(161, 161, 161)"
          },
          {
            "fill": "rgb(161, 161, 161)"
          },
          {
            "fill": "rgb(161, 161, 161)"
          },
          {
            "fill": "rgb(161, 161, 161)"
          },
          {
            "fill": "rgb(161, 161, 161)"
          }
        ],
        "isMulticolor": false,
        "isMulticolor2": false,
        "grid": 0,
        "tags": [
          "selection"
        ]
      },
      "attrs": [
        {
          "fill": "rgb(161, 161, 161)"
        },
        {
          "fill": "rgb(161, 161, 161)"
        },
        {
          "fill": "rgb(161, 161, 161)"
        },
        {
          "fill": "rgb(161, 161, 161)"
        },
        {
          "fill": "rgb(161, 161, 161)"
        },
        {
          "fill": "rgb(161, 161, 161)"
        },
        {
          "fill": "rgb(161, 161, 161)"
        },
        {
          "fill": "rgb(161, 161, 161)"
        },
        {
          "fill": "rgb(161, 161, 161)"
        }
      ],
      "properties": {
        "order": 74,
        "id": 2,
        "name": "selection",
        "prevSize": 32,
        "code": 59679
      },
      "setIdx": 1,
      "setId": 3,
      "iconIdx": 28
    },
    {
      "icon": {
        "paths": [
          "M234.667 597.333l192 192-277.333 85.333 85.333-277.333z"
        ],
        "attrs": [
          {
            "fill": "rgb(161, 161, 161)"
          }
        ],
        "isMulticolor": false,
        "isMulticolor2": false,
        "grid": 0,
        "tags": [
          "SW"
        ]
      },
      "attrs": [
        {
          "fill": "rgb(161, 161, 161)"
        }
      ],
      "properties": {
        "order": 75,
        "id": 1,
        "name": "SW",
        "prevSize": 32,
        "code": 59680
      },
      "setIdx": 1,
      "setId": 3,
      "iconIdx": 29
    },
    {
      "icon": {
        "paths": [
          "M362.667 661.333l-256-149.333 256-149.333v298.667z",
          "M81.067 256h21.333v512h-21.333v-512z"
        ],
        "attrs": [
          {
            "fill": "rgb(161, 161, 161)"
          },
          {
            "fill": "rgb(161, 161, 161)"
          }
        ],
        "isMulticolor": false,
        "isMulticolor2": false,
        "grid": 0,
        "tags": [
          "W"
        ]
      },
      "attrs": [
        {
          "fill": "rgb(161, 161, 161)"
        },
        {
          "fill": "rgb(161, 161, 161)"
        }
      ],
      "properties": {
        "order": 76,
        "id": 0,
        "name": "W",
        "prevSize": 32,
        "code": 59681
      },
      "setIdx": 1,
      "setId": 3,
      "iconIdx": 30
    }
  ],
  "height": 1024,
  "metadata": {
    "name": "Smart-Align32"
  },
  "preferences": {
    "showGlyphs": true,
    "showQuickUse": true,
    "showQuickUse2": true,
    "showSVGs": true,
    "fontPref": {
      "prefix": "icon-",
      "metadata": {
        "fontFamily": "Smart-Align32",
        "majorVersion": 1,
        "minorVersion": 0
      },
      "metrics": {
        "emSize": 1024,
        "baseline": 6.25,
        "whitespace": 0
      },
      "embed": false,
      "autoHost": true,
      "noie8": true,
      "ie7": false,
      "showSelector": false,
      "selector": "",
      "classSelector": ".icon",
      "showMetrics": true,
      "showMetadata": false,
      "showVersion": true,
      "resetPoint": 59648
    },
    "imagePref": {
      "prefix": "icon-",
      "png": true,
      "useClassSelector": true,
      "color": 0,
      "bgColor": 16777215,
      "classSelector": ".icon"
    },
    "historySize": 50,
    "showCodes": true,
    "gridSize": 16,
    "quickUsageToken": {
      "UntitledProject": "NWM4YjU1NjZiMTJlYjc2MzAzZmMwZjgwODE0MmFiYmQjMSMxNTI0MjQ3NzM2IyMj"
    },
    "showLiga": true
  }
}