{
  "IcoMoonType": "selection",
  "icons": [
    {
      "icon": {
        "paths": [
          "M661.333 512c0 82.475-66.859 149.333-149.333 149.333s-149.333-66.859-149.333-149.333c0-82.475 66.859-149.333 149.333-149.333s149.333 66.859 149.333 149.333z",
          "M256 490.667h512v42.667h-512v-42.667z",
          "M490.667 256h42.667v512h-42.667v-512z"
        ],
        "attrs": [
          {
            "fill": "rgb(161, 161, 161)"
          },
          {
            "fill": "rgb(161, 161, 161)"
          },
          {
            "fill": "rgb(161, 161, 161)"
          }
        ],
        "isMulticolor": false,
        "isMulticolor2": false,
        "grid": 0,
        "tags": [
          "Center"
        ]
      },
      "attrs": [
        {
          "fill": "rgb(161, 161, 161)"
        },
        {
          "fill": "rgb(161, 161, 161)"
        },
        {
          "fill": "rgb(161, 161, 161)"
        }
      ],
      "properties": {
        "order": 24,
        "id": 8,
        "name": "Center",
        "prevSize": 32,
        "code": 59648
      },
      "setIdx": 0,
      "setId": 3,
      "iconIdx": 0
    },
    {
      "icon": {
        "paths": [
          "M661.333 661.333l256-149.333-256-149.333v298.667z",
          "M921.6 256h21.333v512h-21.333v-512z"
        ],
        "attrs": [
          {
            "fill": "rgb(161, 161, 161)"
          },
          {
            "fill": "rgb(161, 161, 161)"
          }
        ],
        "isMulticolor": false,
        "isMulticolor2": false,
        "grid": 0,
        "tags": [
          "E"
        ]
      },
      "attrs": [
        {
          "fill": "rgb(161, 161, 161)"
        },
        {
          "fill": "rgb(161, 161, 161)"
        }
      ],
      "properties": {
        "order": 25,
        "id": 7,
        "name": "E",
        "prevSize": 32,
        "code": 59649
      },
      "setIdx": 0,
      "setId": 3,
      "iconIdx": 1
    },
    {
      "icon": {
        "paths": [
          "M362.667 362.667l149.333-256 149.333 256h-298.667z",
          "M256 81.067h512v21.333h-512v-21.333z"
        ],
        "attrs": [
          {
            "fill": "rgb(161, 161, 161)"
          },
          {
            "fill": "rgb(161, 161, 161)"
          }
        ],
        "isMulticolor": false,
        "isMulticolor2": false,
        "grid": 0,
        "tags": [
          "N"
        ]
      },
      "attrs": [
        {
          "fill": "rgb(161, 161, 161)"
        },
        {
          "fill": "rgb(161, 161, 161)"
        }
      ],
      "properties": {
        "order": 26,
        "id": 6,
        "name": "N",
        "prevSize": 32,
        "code": 59650
      },
      "setIdx": 0,
      "setId": 3,
      "iconIdx": 2
    },
    {
      "icon": {
        "paths": [
          "M789.333 426.667l-192-192 277.333-85.333-85.333 277.333z"
        ],
        "attrs": [
          {
            "fill": "rgb(161, 161, 161)"
          }
        ],
        "isMulticolor": false,
        "isMulticolor2": false,
        "grid": 0,
        "tags": [
          "NE"
        ]
      },
      "attrs": [
        {
          "fill": "rgb(161, 161, 161)"
        }
      ],
      "properties": {
        "order": 27,
        "id": 5,
        "name": "NE",
        "prevSize": 32,
        "code": 59651
      },
      "setIdx": 0,
      "setId": 3,
      "iconIdx": 3
    },
    {
      "icon": {
        "paths": [
          "M234.667 426.667l192-192-277.333-85.333 85.333 277.333z"
        ],
        "attrs": [
          {
            "fill": "rgb(161, 161, 161)"
          }
        ],
        "isMulticolor": false,
        "isMulticolor2": false,
        "grid": 0,
        "tags": [
          "NW"
        ]
      },
      "attrs": [
        {
          "fill": "rgb(161, 161, 161)"
        }
      ],
      "properties": {
        "order": 28,
        "id": 4,
        "name": "NW",
        "prevSize": 32,
        "code": 59652
      },
      "setIdx": 0,
      "setId": 3,
      "iconIdx": 4
    },
    {
      "icon": {
        "paths": [
          "M362.667 661.333l149.333 256 149.333-256h-298.667z",
          "M256 921.6h512v21.333h-512v-21.333z"
        ],
        "attrs": [
          {
            "fill": "rgb(161, 161, 161)"
          },
          {
            "fill": "rgb(161, 161, 161)"
          }
        ],
        "isMulticolor": false,
        "isMulticolor2": false,
        "grid": 0,
        "tags": [
          "S"
        ]
      },
      "attrs": [
        {
          "fill": "rgb(161, 161, 161)"
        },
        {
          "fill": "rgb(161, 161, 161)"
        }
      ],
      "properties": {
        "order": 29,
        "id": 3,
        "name": "S",
        "prevSize": 32,
        "code": 59653
      },
      "setIdx": 0,
      "setId": 3,
      "iconIdx": 5
    },
    {
      "icon": {
        "paths": [
          "M789.333 597.333l-192 192 277.333 85.333-85.333-277.333z"
        ],
        "attrs": [
          {
            "fill": "rgb(161, 161, 161)"
          }
        ],
        "isMulticolor": false,
        "isMulticolor2": false,
        "grid": 0,
        "tags": [
          "SE"
        ]
      },
      "attrs": [
        {
          "fill": "rgb(161, 161, 161)"
        }
      ],
      "properties": {
        "order": 30,
        "id": 2,
        "name": "SE",
        "prevSize": 32,
        "code": 59654
      },
      "setIdx": 0,
      "setId": 3,
      "iconIdx": 6
    },
    {
      "icon": {
        "paths": [
          "M234.667 597.333l192 192-277.333 85.333 85.333-277.333z"
        ],
        "attrs": [
          {
            "fill": "rgb(161, 161, 161)"
          }
        ],
        "isMulticolor": false,
        "isMulticolor2": false,
        "grid": 0,
        "tags": [
          "SW"
        ]
      },
      "attrs": [
        {
          "fill": "rgb(161, 161, 161)"
        }
      ],
      "properties": {
        "order": 31,
        "id": 1,
        "name": "SW",
        "prevSize": 32,
        "code": 59655
      },
      "setIdx": 0,
      "setId": 3,
      "iconIdx": 7
    },
    {
      "icon": {
        "paths": [
          "M362.667 661.333l-256-149.333 256-149.333v298.667z",
          "M81.067 256h21.333v512h-21.333v-512z"
        ],
        "attrs": [
          {
            "fill": "rgb(161, 161, 161)"
          },
          {
            "fill": "rgb(161, 161, 161)"
          }
        ],
        "isMulticolor": false,
        "isMulticolor2": false,
        "grid": 0,
        "tags": [
          "W"
        ]
      },
      "attrs": [
        {
          "fill": "rgb(161, 161, 161)"
        },
        {
          "fill": "rgb(161, 161, 161)"
        }
      ],
      "properties": {
        "order": 32,
        "id": 0,
        "name": "W",
        "prevSize": 32,
        "code": 59656
      },
      "setIdx": 0,
      "setId": 3,
      "iconIdx": 8
    }
  ],
  "height": 1024,
  "metadata": {
    "name": "Smart-Align-Masked2"
  },
  "preferences": {
    "showGlyphs": true,
    "showQuickUse": true,
    "showQuickUse2": true,
    "showSVGs": true,
    "fontPref": {
      "prefix": "icon-",
      "metadata": {
        "fontFamily": "Smart-Align-Masked2",
        "majorVersion": 1,
        "minorVersion": 0
      },
      "metrics": {
        "emSize": 1024,
        "baseline": 6.25,
        "whitespace": 0
      },
      "embed": false,
      "autoHost": true,
      "noie8": true,
      "ie7": false,
      "showSelector": false,
      "selector": "",
      "classSelector": ".icon",
      "showMetrics": false,
      "showMetadata": false,
      "showVersion": false,
      "resetPoint": 59648
    },
    "imagePref": {
      "prefix": "icon-",
      "png": true,
      "useClassSelector": true,
      "color": 0,
      "bgColor": 16777215,
      "classSelector": ".icon"
    },
    "historySize": 50,
    "showCodes": true,
    "gridSize": 16,
    "quickUsageToken": {
      "UntitledProject": "NWM4YjU1NjZiMTJlYjc2MzAzZmMwZjgwODE0MmFiYmQjMSMxNTI0MjQ3NzM2IyMj"
    },
    "showLiga": true
  }
}